id,car_make,car_model,year,first_owner,vinnumber
1,Lincoln,MKZ,2012,true,JN8AS5MTXAW052786
2,Mercedes-Benz,SLR McLaren,2007,true,1G6DC8E52C0913930
3,Volvo,XC90,2005,false,1N6AD0CU8AC492684
4,GMC,Yukon XL 2500,2013,true,2G61P5S31D9471965
5,Mazda,B-Series Plus,2001,false,1FTSW3B57AE077337
6,Subaru,Outback,2009,false,WAULC68E34A874301
7,Mitsubishi,Starion,1988,true,1GD22XEGXFZ377680
8,Nissan,350Z,2008,true,WBA3C1G5XDN299434
9,Hyundai,XG350,2002,true,JN8AS5MT2AW285769
10,Chevrolet,Silverado 3500,2006,true,19VDE3F31EE427202
11,Ford,Fusion,2010,true,1GYS4JEF1BR508728
12,GMC,Sierra 2500,2000,true,JN8AS5MT2CW184458
13,Dodge,Ram Van 2500,1995,false,WBS3C9C56FP444766
14,Mazda,Millenia,1996,false,1C4AJWAG4FL517163
15,Mazda,Protege,2003,true,JH4CU2F65AC111926
16,Mercury,Cougar,1985,true,1GT010CGXCF194804
17,Buick,Park Avenue,1995,false,3N1AB6AP5CL323130
18,Subaru,Legacy,1994,false,WAUCFAFR7CA673547
19,Volkswagen,Cabriolet,1993,false,WAUEFBFL3DN784794
20,Jeep,Wrangler,2005,true,3D7LT2ET5AG691418
21,Dodge,Dakota,2006,true,1N4AB7APXEN627095
22,Chevrolet,Express 2500,1996,true,2C4RDGBG6CR343582
23,Pontiac,Bonneville,1965,false,WBY2Z2C5XFV316677
24,Audi,TT,2001,false,1GYS3KEF2BR949177
25,Ford,Thunderbird,1995,true,WAUXU54B52N720862
26,Dodge,Grand Caravan,2005,false,WAUTFAFH3BN423706
27,Nissan,Titan,2012,false,1D4PU5GK0AW270628
28,Pontiac,Bonneville,2000,true,YV4852CT5A1845392
29,Chrysler,LeBaron,1992,false,WBSDE93463C185947
30,Volkswagen,Passat,1997,false,WA1CGAFP9FA554668
31,Pontiac,Bonneville,2001,true,3N1CN7AP6FL953376
32,Mazda,MX-3,1993,true,1G6ET12961B695852
33,Volkswagen,Golf,2012,true,WBA3B9C51FP865074
34,Chevrolet,Express 1500,1997,true,KNAFK4A64F5650019
35,Lexus,RX,2011,true,4T1BF1FK4DU890082
36,Mitsubishi,Mighty Max,1994,true,19UUA9F28AA535795
37,Volvo,V50,2010,true,WA1CGAFE6CD479131
38,Buick,Lucerne,2006,false,1GTN1UEH9EZ667659
39,Lexus,SC,2005,true,WAUWFAFR6CA412066
40,Hillman,Minx Magnificent,1950,false,3VW4A7AT8DM826398
41,Dodge,Intrepid,1999,true,JN8AZ1MUXEW219196
42,Lexus,IS-F,2008,false,1G4GF5E33CF732892
43,BMW,8 Series,1995,true,1N6AA0CC3EN153258
44,GMC,Sierra 1500,2012,false,5UXFB93543L692118
45,Chevrolet,Beretta,1992,false,JM1NC2PF1F0891198
46,Volvo,C70,2001,false,5UXFA53542L692419
47,Isuzu,Trooper,1992,true,1FTEX1CM4BK924113
48,Chevrolet,Suburban 2500,1993,true,SALME1D41AA101753
49,Oldsmobile,Ciera,1994,false,JN8AF5MR0DT193767
50,Cadillac,Catera,1998,true,VNKKTUD37FA997245
51,Toyota,Tacoma,2006,true,WBADS43482G439925
52,Dodge,Ram Van 1500,1996,false,1G4GC5EG3AF617007
53,Pontiac,Grand Prix,1973,false,3N1CN7AP6FL031576
54,Mercedes-Benz,E-Class,1984,true,1G6AA5RA8D0574767
55,Chevrolet,Sportvan G20,1995,true,JN1AZ4EH4EM696445
56,Saturn,S-Series,1993,false,2T1BPRHE5EC756297
57,Ford,Econoline E350,1994,false,3MZBM1K77FM584171
58,Oldsmobile,Bravada,1996,true,1G4HG5EM2AU463352
59,GMC,Vandura 3500,1992,false,WAUHF98P98A759286
60,Kia,Amanti,2004,true,WAUWFAFH1CN655039
61,GMC,2500 Club Coupe,1993,false,SCFAD01EX9G107646
62,Mercury,Marauder,2003,true,3VWML7AJ1CM723928
63,Chevrolet,Impala,1994,false,1B3CB1HA2AD669456
64,Mercedes-Benz,E-Class,1996,true,WAUAF98E97A963925
65,Lamborghini,Gallardo,2006,false,3FADP0L32BR873552
66,Geo,Prizm,1995,false,5UXKU2C50F0054387
67,Dodge,Ram 3500,2010,false,WAUUL98E67A898067
68,Chevrolet,1500,1998,false,JTHBK1GG0D2118229
69,Acura,NSX,2003,true,WAUDK78T88A598103
70,Mitsubishi,Montero,2002,true,WAUFGAFBXAN681273
71,Nissan,300ZX,1995,true,WAUGFAFC6DN721983
72,Studebaker,Avanti,1961,true,JM1NC2EF3A0095239
73,Suzuki,SJ,1986,true,WDDHF5KB7FB532295
74,Lexus,GX,2009,true,1G6DC1E30D0624018
75,Lincoln,Town Car,2000,true,3C3CFFFH3DT041019
76,Volkswagen,Phaeton,2006,false,3N1CN7AP4DL380314
77,Chevrolet,Express,2010,true,WDDHF5KB3EA594653
78,Pontiac,Sunfire,2000,true,WAUJFAFH7DN628200
79,Volkswagen,Passat,1999,false,JN1AZ4EH4FM970504
80,Pontiac,Firebird,1986,true,1G6AS5S31E0203346
81,Ford,Mustang,2004,false,JN1BY1AR1FM592372
82,Mitsubishi,Montero,2006,true,1B3CB7HB9AD891522
83,Mercury,Mountaineer,1997,true,3D73M4HL3BG930518
84,Chevrolet,Cavalier,1998,false,SALVN2BG0FH860061
85,Nissan,Murano,2010,false,YV1672MS0B2665737
86,Cadillac,DeVille,1993,false,2HNYD2H44DH148884
87,Nissan,Altima,2008,true,3D7JB1EP6BG526941
88,Hummer,H1,2002,true,WBAKG1C58DJ389095
89,Ford,F-350 Super Duty,2006,false,5UXFA93545L127499
90,Audi,TT,2009,false,3VWKX8AJ4BM878473
91,Mercedes-Benz,CL-Class,2011,true,WBAYE0C53ED631365
92,Dodge,Dakota Club,1995,true,SCBLE37G05C785776
93,Mazda,Navajo,1992,true,1G6DP1E33C0749212
94,Ford,Fiesta,2001,true,WBAFU9C52DD364555
95,Mercedes-Benz,S-Class,2001,true,1FTEW1CW2AK353529
96,Subaru,Alcyone SVX,1995,false,WAUVC68E84A127818
97,Ford,Thunderbird,1980,true,JA4AP3AU1CZ105837
98,BMW,M5,1993,false,5N1AT2MK1FC569011
99,Lamborghini,Countach,1990,true,5GAKRCKDXDJ273822
100,Lexus,LS,1993,false,1N4AA5AP3BC775796
101,GMC,Savana 1500,1999,false,SCFEDCAD9BG979459
102,Mercury,Villager,1995,false,WA1EY94L89D469036
103,Chevrolet,Express 2500,1997,false,1FTSW3B58AE604768
104,Mercedes-Benz,E-Class,2005,true,5FRYD3H2XFB670369
105,Chevrolet,Cruze,2011,true,JTDJTUD38DD431238
106,Ford,Fairlane,1967,true,WP0AA2A94AS908998
107,Buick,Century,2000,false,WA1CFBFP3DA745086
108,Honda,Accord,1997,true,SCBCP73W98C506473
109,Hyundai,Elantra,2003,true,1D4SD6GT1BC097097
110,Toyota,MR2,1995,false,2V4RW3D13AR429768
111,GMC,Sierra 3500,2001,false,WAUYGBFCXCN160709
112,Dodge,Viper,2000,false,5YMKW8C58F0370979
113,Kia,Sorento,2005,true,JM1DE1HY2B0952147
114,Volkswagen,Scirocco,1987,true,WBAEW53435P081376
115,Mazda,RX-7,1984,true,1GKS2GEJ2BR909485
116,Acura,SLX,1996,false,1J4PR4GK3AC810283
117,Buick,Riviera,1985,true,2T2BK1BA2EC043360
118,Ford,F250,1998,false,1G6KA5EYXAU673103
119,Ford,F250,2000,false,5TDBKRFH3FS612087
120,Dodge,Intrepid,1997,false,WBABS53401J017372
121,Audi,A6,1999,true,2B3CA3CV0AH351086
122,Mercedes-Benz,E-Class,2004,false,4T1BB3EK9AU409361
123,Plymouth,Laser,1993,true,3D7TT2CT3AG063988
124,Audi,S6,2008,true,WDDHF5KB1FB055573
125,GMC,Yukon XL 2500,2005,false,JTEBU5JR1F5009840
126,Dodge,Ramcharger,1993,false,1GYS3GKJ3FR105838
127,Hyundai,Sonata,1995,true,JM1GJ1T69F1833963
128,Pontiac,Grand Prix,1964,false,3D73Y4CL2AG463859
129,Nissan,Quest,1996,true,JN1CV6FE5DM007354
130,Lincoln,Continental,1992,false,WP0AA2A94CS909779
131,Rolls-Royce,Phantom,2008,false,WAUDG78E35A973796
132,Lamborghini,Diablo,1999,true,WBA5M4C52ED218950
133,Volvo,S40,2004,false,1GKUCGEJ5AR683964
134,Cadillac,STS,2009,true,3GYT4LEF2DG496138
135,Audi,4000s,1986,false,WVWAP7AN1EE795153
136,Acura,TL,2012,false,WAUCFAFH3EN729602
137,Lexus,SC,1996,true,WBA3B5G50EN894014
138,Nissan,Maxima,1998,true,2C4RDGAG7CR733348
139,Lexus,GX,2003,false,WBAFA53511L247410
140,Ferrari,430 Scuderia,2008,false,WAUAC68D71A215440
141,Chevrolet,Tracker,2000,false,4T1BK3DB0BU216373
142,Honda,Element,2008,false,WBAKB8C57AC777071
143,Pontiac,Trans Sport,1996,false,1G6KD54Y15U604864
144,Mazda,Navajo,1994,false,SALFR2BN8CH282701
145,Chrysler,Imperial,1993,true,2C3CDYCJ8CH084044
146,Ford,Thunderbird,1996,true,3C63D2CL7CG148852
147,Audi,S8,2002,true,3VW1K7AJ7BM459635
148,Chevrolet,Express 3500,2003,false,WBA3A5C53EP556958
149,Lincoln,MKX,2011,false,WA1DGAFP4EA249307
150,Volvo,C30,2009,false,JA4AP3AU8CZ502459
151,Mitsubishi,Expo,1993,false,1N6AA0EJ2FN148176
152,Honda,Pilot,2012,true,KM8JT3ABXBU347887
153,BMW,M3,2012,true,WBA3V7C52F5562084
154,Mercury,Villager,2000,false,1GYS3KEF0DR957331
155,Suzuki,SJ 410,1984,false,5TDBK3EH6DS962664
156,Hummer,H2,2008,true,SCFFDCBD0AG598049
157,Hyundai,Veracruz,2011,true,1GTPCTEX7AZ069245
158,Porsche,968,1992,false,3D7LP2ET2BG276613
159,Land Rover,Discovery Series II,2002,true,WAULF98K49N226271
160,Volvo,XC90,2005,true,5XYKT3A14CG439807
161,Kia,Spectra,2002,false,1FTEX1C87AF993517
162,Dodge,Neon,2005,true,WBADT43491G758133
163,Hyundai,Tucson,2010,true,1N6AA0EC9EN788630
164,Mazda,MX-6,1995,true,WA1EFCFS0FR023615
165,Chevrolet,Suburban 1500,2002,false,3D7TT2CT3AG652720
166,Hyundai,Veracruz,2009,false,1GYEC63848R909264
167,Pontiac,GTO,1964,true,5NPDH4AE8EH586999
168,Isuzu,Oasis,1998,false,1C6RD6GP6CS046966
169,GMC,Yukon,2003,false,1GYS3CEF6ER681647
170,Ferrari,F430,2008,false,WBA3V7C53F5656233
171,Saab,9-2X,2005,false,19UUA56723A977656
172,Pontiac,GTO,1973,false,3D7LP2ET9AG467170
173,Maserati,GranTurismo,2009,false,2LMHJ5AR1BB565966
174,Dodge,Caravan,2002,true,WBA3T1C58EP690402
175,Suzuki,SJ,1993,false,1FTEW1C88AF792759
176,BMW,Alpina B7,2008,false,5UXZV4C52D0051088
177,Chevrolet,Monte Carlo,2005,false,WA1CV94L37D079717
178,Infiniti,QX,1999,true,SCBBR9ZA6DC167081
179,Lexus,LS,2012,true,1C3CCBCB8CN536137
180,Plymouth,Prowler,1997,true,5N1AR2MM4FC309492
181,Chevrolet,Silverado 1500,2006,true,3GYFNHE30DS977533
182,Dodge,Ram,2010,true,JTHBL1EF7E5269155
183,Land Rover,Defender,1997,true,JN1AZ4EH1CM415117
184,BMW,X5,2001,false,JN8AZ2ND2F9439940
185,Chrysler,Voyager,2001,false,1C6RD7PT1CS644319
186,Pontiac,Tempest,1965,false,WAUDG68E95A273713
187,Chevrolet,Impala SS,1995,false,WDDEJ9EB6DA682390
188,Aston Martin,V8 Vantage,2012,true,1C3BC2EB8BN904887
189,Ford,Freestar,2004,true,WBAYE0C52DD077914
190,Acura,RDX,2009,true,WBAFR1C53BC984773
191,Audi,A8,2011,false,1C3CDFDH8FD449288
192,BMW,745,2005,true,1C3CDZBG1DN865847
193,Kia,Sportage,1995,false,1G6AL5S39D0053658
194,Pontiac,Parisienne,1984,true,WVWED7AJ1BW243990
195,Audi,A3,2009,true,WAUHF98P27A663577
196,Lincoln,Navigator,2012,true,JH4DC53895S205821
197,Mercedes-Benz,SLS AMG,2012,false,WBAEA53589C189898
198,Chevrolet,Cobalt SS,2007,true,WAULFAFR4EA820815
199,Dodge,Ram Van 3500,1997,false,5N1AR2MM0EC734898
200,Honda,Accord,1984,false,NM0KS7DN7AT927298
201,Chevrolet,SSR,2004,true,WAUBFAFL7BA429970
202,Mazda,B-Series Plus,2000,true,3VW4A7AT6DM479749
203,Nissan,Altima,1996,true,WAUDH78E28A770254
204,Suzuki,Grand Vitara,2012,false,SCFEBBAC5AG111576
205,Ford,Excursion,2002,false,1N6AA0EC2DN278912
206,Mazda,RX-7,1983,false,SCFFBCCD6BG651522
207,Nissan,Pathfinder,1998,true,1J4PR4GK5AC192108
208,Ford,Ranger,2007,true,137ZA90391E439725
209,Hyundai,Veracruz,2007,true,1G6DK8EDXB0655522
210,GMC,Savana 1500,2008,false,2T2BK1BA0EC199719
211,Ford,LTD Crown Victoria,1989,true,JM1NC2NF4E0633761
212,Land Rover,Discovery,1998,false,TRUTC28N111368785
213,Jeep,Compass,2012,true,WBAYP9C55ED720434
214,Volvo,960,1993,true,1LNHL9EKXFG414908
215,Volvo,C70,2002,true,WAUHMBFC6EN084756
216,Chevrolet,Silverado 3500HD,2006,true,WAUVT58E52A383129
217,Mercury,Sable,1996,true,WAUWGBFC0EN284188
218,Pontiac,Sunfire,2005,false,WUAPV64B93N094632
219,Dodge,Intrepid,1995,false,1G6AH5S37D0987299
220,GMC,Acadia,2007,false,WAUHF78P98A882087
221,Subaru,Forester,2003,true,JM1NC2SF6F0895867
222,Ford,F250,1992,false,3GYFK66NX4G504867
223,Lotus,Elan,1993,false,3N1CE2CP7EL680253
224,Nissan,Frontier,2006,true,WUAW2BFC8FN717200
225,Pontiac,Grand Prix,1967,true,WBAPK7C51BF441898
226,Toyota,Tacoma Xtra,1997,true,2G4WE537051068579
227,Audi,Q5,2011,true,WVWED7AJ9BW737966
228,Subaru,Alcyone SVX,1997,false,3GYFNGEY8AS304121
229,Chevrolet,Corvette,1989,false,KMHEC4A45EA784050
230,Honda,CR-V,2007,true,5TDBY5G12BS048208
231,Volkswagen,Jetta III,1995,true,1G6DJ577780907003
232,Lincoln,Continental,1997,true,1G6DS57V690274104
233,Pontiac,Grand Prix,2008,true,3C3CFFFH5CT778950
234,Land Rover,LR2,2008,true,JN1CV6EK3FM549997
235,Acura,RDX,2011,false,WUARU98EX7N736542
236,Austin,Mini Cooper S,1963,false,YV1612FH6E1985335
237,Toyota,Ipsum,2000,true,2T2BK1BA9DC199216
238,Audi,90,1993,true,5NPDH4AE3FH182039
239,Infiniti,M,2010,false,JH4KC1F79EC131345
240,Lexus,SC,2003,true,3D7TT2CT0AG785208
241,Ford,E-Series,2003,false,SCFFDAAMXDG959961
242,Dodge,Ram Van 3500,1995,true,2C3CCAKT4CH008477
243,Mazda,Mazda5,2008,false,1G4HR54KX2U714906
244,Kia,Forte,2010,false,JTEBU5JR3C5688683
245,Maserati,Spyder,2003,true,1GYUCGEF9AR433256
246,Kia,Sephia,1996,true,SCBGT3ZA7EC932000
247,Mercury,Cougar,1969,true,WAUDFAFL1BA611110
248,GMC,3500,1994,true,1G6DU6EV8A0657260
249,GMC,Vandura G3500,1995,true,JTDBT4K39CL459304
250,Dodge,Dakota Club,1992,true,5N1AN0NU8EN495720
251,Ford,Escape,2012,false,WBAYA8C55DC726430
252,Mitsubishi,Montero,1999,true,WBAAZ33493P797450
253,BMW,7 Series,1994,false,SCFFDAAE0CG867765
254,Ford,Tempo,1988,true,WDDHH8HB0BA062100
255,Ferrari,F430,2007,false,WVGAV3AX2DW406024
256,Dodge,Intrepid,2004,true,WBALX5C59CC158818
257,Suzuki,Vitara,2003,false,1GYS3AEF6DR856420
258,Honda,del Sol,1997,false,WAUAC48H74K652831
259,Mercedes-Benz,C-Class,2008,true,5LMJJ3H58AE227615
260,Mercedes-Benz,SLK-Class,2004,false,2C3CDXBG7CH539403
261,BMW,8 Series,1993,false,2HNYD2H64DH804762
262,Geo,Prizm,1992,false,1N6AA0CA4CN785519
263,Audi,R8,2008,false,1GD21ZCG6CZ088650
264,Mitsubishi,Chariot,1996,false,WA1CV94L49D755806
265,Suzuki,Swift,1994,true,WAUYGAFC1DN755511
266,Ford,Taurus,1996,false,1G6DU6ED4B0467500
267,Nissan,300ZX,1991,false,WDDEJ7EB2DA895423
268,Dodge,Dakota,2003,true,2C3CCABG5DH211592
269,GMC,Vandura G3500,1995,true,KMHCM3AC4BU480949
270,Toyota,Supra,1996,false,1G6DL5EG8A0461673
271,Maserati,228,1989,false,WAU2GBFC4CN534799
272,BMW,X5,2006,false,1G6YV36A585940186
273,Porsche,Boxster,2010,true,1C4AJWAG9FL684960
274,GMC,Savana 1500,2008,true,WBS3R9C59FK182639
275,Plymouth,Grand Voyager,1994,false,WBAKF5C58DE673796
276,Lexus,IS-F,2010,true,SALAB2D45AA493377
277,Ford,Club Wagon,1995,true,4T1BD1FK8FU007139
278,Aston Martin,Vantage,2009,true,1FTWF3B52AE081619
279,Ford,Thunderbird,1988,false,WAUBC48HX5K939845
280,Buick,Century,2001,true,1GYFC26249R626434
281,Toyota,Corolla,1993,false,WAUVC58E85A741683
282,Mazda,MPV,1995,true,WAULH54B81N350671
283,Mercedes-Benz,Sprinter 3500,2012,false,WAUDG68E95A941171
284,Dodge,Dakota Club,2000,false,WBADW3C55BE936434
285,Suzuki,Grand Vitara,2003,true,2G4WC562651283941
286,Hummer,H2,2004,false,SALAG2D41DA817267
287,Ford,Fiesta,2013,true,2G4GN5EKXC9351463
288,Porsche,Boxster,2006,false,WBA3B3C56DJ956385
289,Kia,Sportage,2012,true,2FMDK4KC0AB269859
290,Kia,Rondo,2007,true,1GYUCDEF6AR364010
291,Ford,Escort,1996,true,2LMDJ6JK3BB162837
292,Suzuki,Forenza,2004,false,1GYS4UKJ4FR059335
293,Mercedes-Benz,Sprinter 2500,2012,true,1G6DK1E30D0556449
294,GMC,Sonoma Club Coupe,1995,false,WAUVC58E63A141659
295,Ford,F150,1995,false,1FTSW2A55AE073556
296,Saab,9000,1990,true,3G5DA03E14S878838
297,Jeep,Cherokee,1998,true,1FTMF1C83AK995576
298,Chevrolet,Express 2500,1999,false,1N6AA0CA2AN825979
299,Kia,Sephia,1996,true,3VWKP7AJ0DM927892
300,Chrysler,PT Cruiser,2010,false,WAUDT48H75K949595
301,Oldsmobile,88,1994,false,WAUEF98EX6A374124
302,Lincoln,Continental,1999,true,WA1VMAFP8EA705533
303,Mitsubishi,Excel,1989,true,2HNYD18263H382306
304,Ford,Expedition,2006,true,WA1VMBFE8BD468797
305,Mercedes-Benz,E-Class,1993,false,1G4GC5G30FF226303
306,Volkswagen,Jetta III,1993,false,1N6AF0KY1FN626994
307,Chrysler,Crossfire,2004,true,1FTWX3B5XAE010231
308,MINI,Clubman,2008,false,5GAKRBED4CJ698814
309,Pontiac,LeMans,1993,false,WP0AB2A99AS207693
310,Ford,E250,2010,true,1G6YV36AX95997744
311,Chevrolet,Tracker,2000,false,WBAWL13597P536197
312,Ford,Fusion,2009,true,1FTEW1CF0FK884736
313,Jaguar,S-Type,2004,true,WA1AGAFE2CD981965
314,Cadillac,Escalade,2009,false,WBA4A9C55FG163430
315,Hyundai,Genesis,2010,false,2C3CCAAG6EH134122
316,Ford,Aerostar,1986,true,YV4852CZ3A1071809
317,Mazda,929,1993,true,1GYS4CEF6DR463946
318,BMW,Z8,2003,true,WBAYF8C51DD710673
319,Chevrolet,Lumina,2001,false,WAULC58E75A648838
320,Hyundai,Elantra,2003,false,4A31K3DT9AE444581
321,Ford,Mustang,2007,false,WBALY1C55ED875414
322,Buick,Rendezvous,2004,false,KMHFH4JG8FA762951
323,Pontiac,Grand Prix,1969,false,1N6AA0CC3DN663611
324,Chevrolet,Suburban 2500,1993,false,JN8AZ2KR6CT361418
325,Dodge,Ram 3500,1994,true,WAUML54D31N083234
326,Ford,Thunderbird,1977,true,JN8AS5MT0FW121055
327,Mercedes-Benz,CL-Class,1999,true,1N4AA5AP6EC645158
328,GMC,Sierra,2012,false,1GYS3GEF4DR204236
329,Honda,Element,2011,true,WBA3C3C52FP436858
330,Bentley,Continental GTC,2011,false,WAUDFAFL0DN448851
331,Mercedes-Benz,C-Class,2005,false,1G6DP1E30C0061393
332,Buick,LeSabre,1991,true,WAUVT58E03A990508
333,Hyundai,Veracruz,2010,false,1N6AD0CU1BC375269
334,BMW,5 Series,1995,true,5J8TB3H74GL166218
335,Audi,5000CS,1987,true,WAUUL98E76A561597
336,Lincoln,MKZ,2009,true,WDDGF4HB8CA933949
337,Ford,ZX2,2002,true,2G4WE587481398657
338,Ford,Five Hundred,2006,true,WBA3V5C5XFP447323
339,Daewoo,Leganza,2002,false,JTEBU4BF6CK950342
340,Suzuki,Grand Vitara,2001,false,JA4AS2AW9DU667686
341,Mercury,Grand Marquis,1990,true,5GAKRBED4CJ531580
342,Dodge,Ram 2500 Club,1999,false,SCFFDAAE3CG249419
343,Mitsubishi,Precis,1992,true,2G4GZ5GV0B9106553
344,Jeep,Wrangler,2001,false,WBABV13495J785910
345,Honda,del Sol,1993,true,5YMGZ0C56D0756053
346,Jeep,Liberty,2007,true,JN8AZ1FYXEW894207
347,Buick,Enclave,2012,false,JTDKDTB39D1989373
348,GMC,Yukon XL 1500,2003,true,1G6DJ1ED4B0035212
349,Honda,Fit,2012,true,WBAYB6C58ED552916
350,Nissan,Altima,2006,false,WAUFEAFM4CA047541
351,Nissan,NV3500,2012,true,SCFAD02E79G929304
352,Oldsmobile,Silhouette,1999,true,19XFA1E60BE429725
353,Suzuki,Esteem,2002,true,1GYFK63808R643796
354,GMC,2500,1999,false,5TDBY5G17BS268461
355,Kia,Sportage,1997,false,WVWED7AJ8AW660750
356,Volkswagen,GTI,2012,true,1GYS3DEF3ER893749
357,Pontiac,Grand Prix,1981,true,19UYA42461A452068
358,Saab,9-3,2004,true,JN1AJ0HP4BM349583
359,Honda,Accord Crosstour,2010,true,KMHTC6AD4CU584212
360,Buick,Park Avenue,1996,false,WBAWC33598P759840
361,Saturn,L-Series,2000,false,3VW517AT3FM776694
362,Ford,Fusion,2013,false,3D7JB1ET7BG451387
363,Kia,Sephia,1998,true,1C3BCBEB6EN736316
364,Land Rover,Discovery,2002,true,1N6BF0KMXFN250264
365,Honda,Insight,2011,true,WAUAH74F26N012227
366,Mazda,Tribute,2004,true,WBAPM7G58AN575896
367,GMC,Jimmy,1999,true,WA1BY74L77D340886
368,BMW,M Roadster,2008,true,19XFB4F36EE890743
369,Hyundai,Veracruz,2012,true,1FTWX3A51AE468208
370,Maybach,57,2005,true,WAU4FBFL5BA854568
371,GMC,Sierra 2500,2001,false,SCFAB02A17G925796
372,Cadillac,Escalade,2005,true,KMHHT6KD1AU151965
373,Pontiac,LeMans,1992,true,2T1KU4EE3BC683331
374,Volvo,S60,2008,false,JH4DC53833S757473
375,Pontiac,Bonneville,1992,false,JN8AF5MR1DT627081
376,Buick,Regal,1988,true,WA1YD54B15N104355
377,Aston Martin,DB9,2008,false,JN8AS5MT1BW752083
378,Chevrolet,Camaro,1982,false,WBS3R9C52FK255558
379,Ford,Torino,1970,false,WBAKE3C56DE368370
380,Audi,A4,2002,true,3C3CFFHH7ET273461
381,Nissan,Xterra,2008,true,JN8AF5MR5ET388362
382,Isuzu,Rodeo,1995,true,WA1UFAFL3EA501113
383,Maserati,Spyder,2004,false,WBAAZ33453P049178
384,BMW,3 Series,2001,true,WAUEFAFL7DN475114
385,Nissan,Altima,1994,true,WP0AB2A95BS929065
386,Jeep,Wrangler,2009,true,1G6DV1EP8D0237665
387,Ford,F350,1992,false,JN8AS5MTXCW406454
388,Land Rover,Freelander,2005,false,4A31K3DT0AE118085
389,BMW,X6,2011,true,3C6LD4BT2CG482557
390,Mitsubishi,Galant,2003,true,JN1CV6EK3FM697597
391,Toyota,Corolla,1995,false,WAUKFAFL2DA079151
392,Mitsubishi,Expo,1994,false,WUATNAFGXEN144659
393,Hyundai,Veloster,2012,false,WAUPEAFM8CA285560
394,Saab,9000,1990,true,5N1BA0NC6FN765679
395,BMW,530,2005,true,1N6AA0CA2EN712734
396,Saab,9000,1989,true,JTDKDTB34E1273465
397,Dodge,Ram 2500,2004,false,WAUUL98E67A124689
398,Mercury,Tracer,1993,false,1G6KD57Y39U111530
399,Ford,Taurus,1986,true,2HNYD18256H375545
400,Chevrolet,Express 1500,2008,false,SCBLC37F15C422934
401,Suzuki,SJ 410,1984,true,WBA5M0C50ED687494
402,Infiniti,FX,2003,false,4A31K2DF1AE586928
403,Cadillac,XLR-V,2006,true,JN1AZ4FH7FM401600
404,BMW,330,2005,true,WBA5M2C54ED176401
405,Toyota,Sienna,2011,true,2B3CJ4DG1BH267544
406,Acura,NSX,1998,true,SCBLE37G66C607209
407,Mitsubishi,Outlander,2006,false,JA32U2FU1FU460335
408,Ford,Crown Victoria,1993,true,WAUKH78E77A504072
409,Ford,F450,2009,true,JN1AY1AR7CM769630
410,Toyota,4Runner,1997,true,5N1AR1NB0CC784723
411,Audi,4000s,1985,true,5BZAF0AA2EN187729
412,Chevrolet,Lumina,1993,true,1G4GA5GR8CF405078
413,Cadillac,CTS,2011,false,TRUUT28N621730048
414,Jaguar,X-Type,2008,true,1GYS3HEF5DR191177
415,Ford,Laser,1985,false,JHMZE2H37BS167206
416,Toyota,Celica,1997,true,1G6AZ5S36E0172896
417,Plymouth,Voyager,1994,false,1FAHP3EN0BW288404
418,BMW,5 Series,2003,true,SCFAB02E29G109170
419,Chevrolet,Avalanche 2500,2002,false,JM1GJ1U57F1465546
420,GMC,Savana,2012,false,SCBDC47L68C974272
421,Chevrolet,Blazer,1993,true,JM1DE1KY9D0361891
422,Audi,Allroad,2001,true,JN8AE2KP3D9131585
423,Mercedes-Benz,SLK-Class,2002,false,4A31K5DFXBE026828
424,Ford,E250,1984,false,2G4GT5GR3D9994299
425,Nissan,Cube,2011,true,WAUKG74F16N784936
426,Ford,Escort,2000,true,3C63DRLL0CG610872
427,Ford,ZX2,2001,false,1N4CL2AP0BC098529
428,Mercury,Cougar,1970,true,1GTN1UEHXEZ079687
429,Honda,Civic Si,2003,false,JM1NC2MF7E0136012
430,Cadillac,Seville,1998,true,WAUKD98P69A209203
431,BMW,Z8,2001,false,19UUA65505A469310
432,Audi,riolet,1995,true,19XFB4F38EE113867
433,Chevrolet,Corvette,1955,false,1N6AF0LX5EN155274
434,Volkswagen,Jetta III,1993,false,SCBLC37F85C855036
435,Porsche,Boxster,2011,false,1D7RB1CT7AS520771
436,Mitsubishi,Galant,1985,true,WBAWB7C58AP891357
437,Dodge,Stratus,2006,true,WBAUP9C52DV756640
438,Lexus,LS,1997,false,JA32U1FU1CU363772
439,BMW,7 Series,2003,false,5FRYD4H84FB036078
440,Ford,F-Series Super Duty,2012,false,1G6D05EG4A0043507
441,Land Rover,Defender,1992,true,1G6AB5S35D0146499
442,Lexus,IS-F,2008,false,3N1AB6AP2AL392290
443,Audi,TT,2008,true,1G6AB5SX2D0092677
444,Honda,Accord,2001,true,5N1AN0NUXFN398665
445,Pontiac,Firebird,1990,true,JH4DB75521S647254
446,Ford,Ranger,2002,false,WAUCVAFR4BA372512
447,MINI,Countryman,2012,false,3VW1K7AJ9CM219617
448,GMC,Savana 2500,2010,false,1GKS1KE0XER123936
449,Volkswagen,GTI,2009,true,5XYZG3AB2BG451450
450,Ferrari,458 Italia,2012,true,2G4GR5EC8B9601973
451,Porsche,911,1991,false,1G6AA5RA9F0129392
452,Chevrolet,Suburban 2500,2007,true,WAUGL98E26A415587
453,Kia,Spectra,2004,true,5N1AR2MM3EC909922
454,Bentley,Arnage,2006,true,1GD120EGXBF332964
455,Dodge,D250,1993,true,1G4HP54K124596847
456,Lamborghini,Murci√©lago,2003,true,2G4WC532551290335
457,Honda,Pilot,2012,false,WBANW13528C235895
458,Mercury,Cougar,2002,false,TRUXD38J591787963
459,Mercedes-Benz,C-Class,2008,false,1G4GD5GDXBF495974
460,Isuzu,Hombre Space,1997,true,WBANB33545C016746
461,Lexus,LS,1992,true,1FTEX1CM2CF325513
462,Honda,Element,2010,true,WBAUN7C56BV251532
463,BMW,7 Series,2011,false,JA4AP3AU6CZ814862
464,Pontiac,Trans Sport,1995,false,1G6AT5S35F0064143
465,Porsche,928,1985,false,KM8JT3AC1AU794678
466,Mitsubishi,Galant,1993,false,JTHBL5EF4B5304916
467,Mercury,Cougar,1969,true,WAU2GAFC5EN268383
468,Subaru,Legacy,1991,false,KMHTC6AD8CU712015
469,Dodge,Ram 2500,2004,true,1GYUKJEF1AR595866
470,Nissan,Altima,1994,false,JH4KB16678C065635
471,Mercury,Marquis,1986,false,JN1CV6EK3DM219595
472,Aston Martin,V12 Vantage,2012,true,1GYS3KEF1BR673140
473,Mercury,Mystique,1995,false,1G4PS5SK1D4472478
474,Chevrolet,Express 1500,2000,true,1G6DE1E34E0756890
475,Pontiac,Bonneville,1988,false,WAUVVAFR1BA380852
476,Infiniti,M,1992,false,WA1LGBFE5DD142408
477,Land Rover,Defender 90,1997,false,1C3CDWBAXCD778334
478,Toyota,Corolla,2003,true,1FMJU1F56AE528303
479,Volvo,240,1993,false,WBA3X5C55FD701578
480,GMC,Sierra 3500,2002,false,WBA3B1C55FP225466
481,Oldsmobile,98,1996,false,WUAW2AFC1EN730587
482,Subaru,XT,1986,false,YV1382MSXA2563067
483,Audi,200,1989,true,1G6DX67D470716969
484,Ford,Crown Victoria,1997,false,5GAKVCKDXDJ295136
485,Ford,F250,2010,true,WBA3A5C5XDF354297
486,Audi,S6,2003,false,5LMJJ3H50BE790479
487,GMC,Safari,1999,false,WA1KK98R59A971247
488,Hummer,H2 SUV,2006,true,WAUDFBFL2AN936667
489,Suzuki,XL-7,2006,false,2T1BURHE4FC615229
490,Lotus,Exige,2008,false,1G4PR5SK1F4999323
491,GMC,Envoy,1998,true,WBAWR33508P430524
492,Infiniti,QX,2011,false,WBAAN37461N208692
493,Mercury,Sable,1995,false,JH4KC1F53EC211349
494,Land Rover,Discovery,1995,true,YV4952CF4D1259169
495,Chevrolet,Camaro,2001,true,1GYS4KEF0BR979338
496,Chevrolet,2500,1999,true,3C3CFFCR8CT125008
497,Scion,xD,2010,false,1GYFK63827R969971
498,Audi,RS 4,2008,false,2B3CJ7DJXBH427594
499,Mercury,Tracer,1997,false,WA1CGCFE1BD588624
500,Suzuki,Aerio,2002,false,JH4CL95974C671071
501,Buick,Electra,1984,false,WAU3FAFR8CA335414
502,Mercedes-Benz,SL-Class,2001,true,WAULD54B82N175965
503,Lexus,GX,2009,false,WBA5B3C50FD650065
504,Honda,Accord,2007,false,WBA3R5C51FK462620
505,Dodge,Dakota,1995,true,1GD010CG1BF317738
506,Audi,80,1992,true,1G6DT57V380280695
507,Ford,Aerostar,1993,false,WBA3A5C58EJ018629
508,Ford,Bronco,1991,false,SALSF2D46DA517232
509,Jeep,Liberty,2012,true,1C4AJWAGXFL014950
510,Land Rover,LR2,2008,false,JN1CV6EK4BM422377
511,Ford,Thunderbird,1997,false,5N1AN0NW5DN568400
512,Dodge,Ram,2008,true,WP0CA2A86DK914676
513,Chevrolet,Camaro,1968,true,4A31K5DF3BE208337
514,Nissan,Leaf,2012,true,WAUEFAFL8DA246397
515,Porsche,968,1992,true,1G6EL12Y81B412004
516,Mitsubishi,Outlander,2003,true,WDDLJ7DB7EA389872
517,Aptera,2e,2009,true,2C3CCARG0FH057284
518,Ford,Bronco II,1986,true,1NXBU4EE1AZ928379
519,Pontiac,Grand Am,1989,false,5TDBK3EH8CS284028
520,Chevrolet,Express,2010,true,WAUNF68P06A845861
521,Mercedes-Benz,CLK-Class,2000,false,JA4AS3AW1DU997506
522,Acura,TL,2010,false,1G6AC5SX0D0946241
523,Maserati,Quattroporte,2006,true,WAUAH78E48A013682
524,Audi,RS 6,2003,false,1FTWW3B59AE723494
525,Acura,MDX,2007,false,JH4CU25609C505315
526,Chevrolet,Venture,2000,false,1G4PP5SK1D4478055
527,Hyundai,Elantra,2000,false,1G6AC5SX7D0380031
528,Audi,A8,2007,false,WBAFU7C54BD430346
529,Volvo,960,1993,false,WP1AE2A27CL643025
530,GMC,Savana,2008,true,YV1902AH7E1269339
531,Mazda,MX-5,2008,true,SCFBB04B87G794649
532,Mercedes-Benz,C-Class,1995,true,1GYEE637190320910
533,Toyota,Avalon,2006,false,1G6KP5E90AU377563
534,GMC,Savana 3500,2001,false,JN1AZ4EH0FM188068
535,Chevrolet,Silverado 1500,2012,true,5TDBKRFH4ES284273
536,Toyota,Venza,2011,true,WBANF33547B046312
537,Nissan,240SX,1992,false,2T1KU4EE5CC230510
538,Chrysler,300M,2004,true,WBAAW334X1E510683
539,Jeep,Cherokee,1997,true,WDDLJ7GB1FA184870
540,Merkur,XR4Ti,1985,false,1J4NF1FB5AD297919
541,Bentley,Continental GT,2007,false,W04GY5GV6B1011985
542,Jeep,Cherokee,1994,false,1GYS3BEF1CR458598
543,Pontiac,Bonneville,1998,false,SCBLC47JX7C496964
544,Chrysler,New Yorker,1994,false,1D7RE5GK8BS148715
545,Bentley,Continental GT,2006,true,1G4GA5ER0DF949739
546,Audi,A6,2002,false,WA1KK78R59A270437
547,Ford,Focus,2008,false,WBSBL93456P408814
548,Subaru,Leone,1985,false,W04GS5EC6B1287859
549,Nissan,Altima,1995,true,1GD311CG4FF009696
550,Jaguar,X-Type,2007,false,1N6AD0CU0BC626993
551,GMC,Sierra 2500,2011,false,4USBT33493L320334
552,Isuzu,Hombre Space,1997,true,WBAFU7C52CD388308
553,Honda,Accord,2003,false,WAUFGBFCXEN635169
554,Mitsubishi,L300,1988,true,WAULT68E45A043231
555,Pontiac,Grand Prix,2000,true,KNDJN2A26E7055164
556,Buick,Enclave,2008,false,VNKKTUD30FA830077
557,Pontiac,Firefly,1985,true,WBAWL13578P427139
558,GMC,3500 Club Coupe,1994,true,1B3AZ6JZ6AV838016
559,Mazda,Tribute,2008,true,4USBT33423L777048
560,Chevrolet,G-Series G30,1996,false,WVGEG9BP8CD993465
561,Oldsmobile,Intrigue,1999,false,JN1AZ4EH1AM348113
562,Mercury,Topaz,1990,true,1FTWX3A56AE670106
563,Hummer,H3T,2010,false,WBXPC9C44AW389249
564,Subaru,Forester,2010,false,1FTWX3A51AE195206
565,Pontiac,Grand Prix,1985,true,1G6AK5SX5E0230262
566,Honda,Accord,1994,true,3VWAL7AJ1AM525835
567,Mazda,929,1991,true,KMHFG4JG1CA029736
568,Pontiac,Grand Prix,1968,true,1G6DU6EA3A0173803
569,Kia,Sedona,2012,false,WDDEJ7EB1BA022596
570,GMC,Yukon,2004,false,1GYS3EEJ1CR780602
571,Mazda,Mazda6,2012,true,4T1BF1FKXFU871572
572,Hyundai,Genesis,2012,false,KM8JT3AB4CU038210
573,Plymouth,Sundance,1993,false,WBAUL7C5XAV989564
574,Cadillac,DeVille,1998,false,5J8TB3H71GL466976
575,Mercedes-Benz,M-Class,2006,true,WBAUU3C52AA678661
576,Nissan,Xterra,2000,true,WDDUG7JB0EA743643
577,Ford,Probe,1991,false,5J6YH1H3XBL344009
578,Subaru,Loyale,1992,true,5NPDH4AE1CH030739
579,GMC,Yukon XL 1500,2008,false,WAUHF98P87A520732
580,Oldsmobile,Silhouette,1994,false,JTHBB1BA1A2246378
581,BMW,745,2004,true,YV1672MK6C2169245
582,Mercedes-Benz,SLK-Class,2008,false,1G6AM5S33D0032835
583,BMW,745,2005,true,2FMDK3JC5AB507202
584,Lincoln,MKZ,2009,false,KM8JT3AB1DU511871
585,Ford,Festiva,1990,false,WUAUUAFG5CN527025
586,Chevrolet,1500,1994,true,3D4PG4FB3BT136335
587,Mitsubishi,GTO,1996,true,WAUDG74F36N123952
588,Chevrolet,Silverado 3500,2009,false,SAJWA0HP4EM271069
589,Infiniti,G35,2008,true,WAUVC58E35A822980
590,Cadillac,Catera,2000,true,SCBBP9ZAXCC500838
591,Mercury,Mountaineer,2009,false,1GYS4DEFXCR871113
592,Nissan,Sentra,2007,true,JH4CU2E87EC989317
593,GMC,Savana 2500,1999,true,WAUBH74FX6N445265
594,Buick,Regal,1986,true,5FNYF3H47EB770716
595,Lotus,Evora,2012,false,WBAEH13476C886101
596,Ford,Fusion,2011,false,1FTSX2B50AE838474
597,Chevrolet,Camaro,1979,true,JN8AS5MT5CW832794
598,Lotus,Elan,1992,true,WVWBN7ANXFE633243
599,Acura,RSX,2005,false,WAUGVAFR5CA048620
600,Ford,Expedition,1998,false,WBSBR93423P209231
601,Toyota,Paseo,1993,true,WAUDV74F87N131925
602,Alfa Romeo,164,1995,false,WAUBH78E96A871554
603,MINI,Clubman,2009,false,2HNYD2H20AH565431
604,GMC,Yukon,2009,true,WAUCFAFR5BA152695
605,Toyota,Previa,1997,true,WBA6B2C54DD945889
606,Chevrolet,Camaro,1979,true,WVWGU7AN2CE316190
607,Chevrolet,Corvette,1995,true,1B3BD4FBXBN227295
608,Dodge,Ram Wagon B350,1993,false,1N6AF0LY6FN390745
609,Tesla,Model S,2012,false,1N6AD0CW9EN838320
610,Toyota,Sequoia,2010,true,WA1AV94L47D720347
611,Lexus,ES,2003,false,1G6EL12Y32B038242
612,Mazda,MX-6,1994,true,5FNYF3H43EB886883
613,Lexus,LX,2010,true,WBAKA4C50CD900010
614,Honda,CR-V,2012,false,WAUEF98E56A072322
615,GMC,Safari,2004,true,19UYA42533A332921
616,Jeep,Cherokee,1999,true,2T2BK1BAXEC482161
617,Oldsmobile,88,1992,false,JTDKTUD36DD095495
618,Honda,Element,2003,true,1VWAH7A38DC862124
619,Porsche,944,1983,true,JM1NC2LF5D0203335
620,Toyota,Paseo,1997,false,1G6DN8EV1A0087112
621,Chevrolet,Bel Air,1967,false,WBAKN9C54ED409931
622,Saturn,L-Series,2003,true,WBALX3C59CD628764
623,Ford,F350,2003,false,WBAKN9C52FD870126
624,GMC,Envoy XL,2003,true,WA1WKAFP3AA645374
625,Volkswagen,GTI,2006,false,WBAVB13586P810597
626,Ford,Thunderbird,1992,true,WBAKB4C52CC801627
627,Suzuki,Grand Vitara,2001,true,1GYS4DEF5BR063539
628,Mercedes-Benz,500SL,1992,true,1GD422CG3EF314726
629,Audi,S6,2002,false,SCBFH7ZA4FC504391
630,Mitsubishi,Galant,2005,true,WAUGL98EX6A603323
631,BMW,525,2001,true,2T1BURHE9FC147692
632,Cadillac,STS-V,2006,false,WA1WYAFE5AD126712
633,Ford,E-Series,2003,false,1G6DF577790035263
634,Chrysler,Sebring,1998,false,3C4PDCBB6DT042152
635,Dodge,Ram 2500,2010,false,JN1CV6FE4EM906966
636,Buick,Coachbuilder,1994,true,WAUGL68E35A960131
637,Oldsmobile,Aurora,1997,true,5YMGZ0C59DL904226
638,Lincoln,MKX,2011,true,1D7RE3GK7AS007802
639,Oldsmobile,Achieva,1992,true,WDDJK6FA0FF694783
640,Honda,Pilot,2005,true,WVGEG9BP1DD880166
641,Toyota,T100 Xtra,1996,true,1G6DJ5EY8B0888173
642,Volvo,S80,2005,false,KM8NU4CC9BU904380
643,BMW,M5,1992,true,3C3CFFER2ET434621
644,Volkswagen,Cabriolet,1993,true,WAUBF48H77K560554
645,Toyota,Celica,2004,true,JH4DC53853S923878
646,Cadillac,Allante,1992,true,WP0CA2A80AU771336
647,Ford,Focus,2006,false,WAUDGBFL3BA347987
648,Volvo,V70,2002,false,WA1BY94L58D151635
649,Toyota,Prius,2012,true,KNDJT2A12A7732315
650,GMC,Savana 3500,2008,true,1GD11ZCGXBF552437
651,Lotus,Elise,2009,false,WAUEFAFL7EA785546
652,Infiniti,I,2003,true,2FMGK5DC4AB208580
653,GMC,Sierra 2500,2006,false,WAUFL44D02N115254
654,Volkswagen,Golf,1998,false,WBASP0C58DC320096
655,GMC,Yukon XL 1500,2004,false,WAUWFAFH4CN702841
656,GMC,2500 Club Coupe,1996,true,1N4AB7AP9EN489209
657,Ford,Explorer,2012,true,1G6KD57Y64U818985
658,Infiniti,FX,2003,false,1C6RD6JT9CS890392
659,Jaguar,S-Type,2007,true,2G4GX5GV8B9060444
660,Toyota,Sienna,2007,false,WAUEFAFL6DN218431
661,MINI,Cooper,2007,true,2C3CDXBG3EH867436
662,Hyundai,Tiburon,2006,true,5N1CR2MM5EC100060
663,BMW,3 Series,1993,true,2G4WC552971080983
664,Chevrolet,1500,1999,false,1GD311CG3FZ196444
665,Mitsubishi,Galant,2012,false,KNAFU5A2XD5885583
666,Chevrolet,Colorado,2010,false,WAUEF98E56A638236
667,Volkswagen,Golf,1992,true,1GKUCEEF8AR341134
668,Mazda,Mazdaspeed6,2007,false,4A37L3ET6AE561685
669,Mazda,MPV,2004,false,3N1AB7AP1FY501970
670,Nissan,Quest,1996,false,3D4PH1FG4BT250657
671,Hummer,H1,1995,true,WBALL5C52FP045236
672,Mercedes-Benz,M-Class,2005,false,1G6KS54Y44U174008
673,Mitsubishi,Expo,1993,true,WBAVB335X6K127941
674,Aston Martin,Vantage,2009,true,WBAVC53577A580284
675,Mazda,Mazda3,2008,true,WP0AB2A97BS998100
676,Toyota,Supra,1996,false,WBSKG9C57DJ852452
677,GMC,Sonoma Club Coupe,1998,true,1N4CL2AP5BC272305
678,Lincoln,Continental,1988,true,1G4GE5G32CF631956
679,Honda,Civic,2007,true,1G4GF5G38CF244776
680,Volkswagen,Golf,1997,false,WBADW3C54CE424908
681,Mitsubishi,Diamante,1993,false,19UYA42433A973882
682,GMC,Sierra 1500,2005,true,WVWAP7AN9EE597209
683,Lexus,IS-F,2009,true,WAUDF98E87A673429
684,Nissan,Altima,1999,false,1G6KD57Y49U759071
685,Ford,Th!nk,2000,false,1G6DS5EV9A0404433
686,Saab,9-5,2003,true,19XFA1F24AE441533
687,Toyota,FJ Cruiser,2009,false,WAUKH98E28A392407
688,GMC,Acadia,2009,true,WBAPH5C58AA900617
689,Suzuki,Swift,1992,true,5FRYD3H9XGB704907
690,Chevrolet,Malibu,2009,false,3C3CFFER6CT573079
691,Volvo,S60,2013,true,1FAHP2DW0CG828852
692,GMC,Savana 2500,2010,true,WA1LYBFE1AD251263
693,Ford,Escape,2004,false,JN1BJ0HR2FM287192
694,Mercedes-Benz,C-Class,1996,false,JTHBC1KS8A5858601
695,Mitsubishi,Eclipse,2004,false,JTMHY7AJ8B4422217
696,Toyota,Avalon,1999,true,WAUBFAFL7AN241084
697,GMC,Sonoma,2003,false,WAUGN94F49N106600
698,Infiniti,QX56,2009,true,1FTEW1CF5FF290278
699,Buick,Regal,1997,true,WAUKFAFL3CN712781
700,Infiniti,M,2011,false,SAJWA0F7XF8025527
701,Mazda,B-Series Plus,2003,true,3VWF17AT5FM667531
702,Mercedes-Benz,R-Class,2009,false,WAUKF78E55A080233
703,Honda,CR-X,1984,true,JHMZE2H30DS708700
704,Mitsubishi,Lancer,2012,false,WAUVT54B04N099849
705,Lamborghini,Gallardo,2010,true,JN1AZ4EH4DM762460
706,Mercury,Villager,1998,false,1GD21ZCG2CZ705039
707,Chevrolet,Express 2500,2008,false,WA1BV74L38D030583
708,Saturn,VUE,2005,false,WAUJC58E72A084353
709,Jeep,Cherokee,1993,true,WAUEL94F86N304668
710,Ford,Econoline E150,1995,false,WAUMF98K79A605468
711,Saab,9-2X,2006,true,1FMJK1HT7FE426534
712,Geo,Metro,1993,true,KMHFH4JG1FA212992
713,Dodge,Ram Wagon B250,1992,true,1D4SE6GT1BC232799
714,Lexus,GS,2000,true,WUAYU48H28K570447
715,Chevrolet,Lumina,1996,true,SCBCR7ZA7AC384353
716,Dodge,Viper RT/10,1994,true,2G4GN5EC1B9420435
717,Buick,Coachbuilder,1994,true,WP0AA2A94BS630007
718,Lincoln,Mark VII,1984,true,1G4HD57208U080217
719,Toyota,Highlander,2012,true,19VDE3F33EE975122
720,Chevrolet,Lumina APV,1992,false,SCBLC47J17C750352
721,Volkswagen,GTI,1987,true,WA1DVAFE1AD861090
722,Mercedes-Benz,CLK-Class,2005,false,1GKS2FEJ2CR330721
723,Chevrolet,Beretta,1993,true,WBAKG1C54DJ484298
724,Saturn,S-Series,2000,true,KNDPB3AC4E7621114
725,Mitsubishi,Truck,1994,true,2C3CDZBT2FH921058
726,Ford,E250,2008,true,SCFHDDAJ0CA190890
727,Ford,Club Wagon,1992,false,WBA3B5G57DN213233
728,Toyota,Celica,1982,true,1C3ADEBZ5DV950868
729,Buick,LeSabre,1994,false,WAUAVAFD6BN987521
730,Hyundai,Entourage,2007,false,1FTEX1C87AK639343
731,Dodge,Magnum,2006,false,1FMJK1H55BE031103
732,Ford,Escort,2002,false,5N1AR2MM4DC922208
733,Ford,Ranger,2009,true,WAU4FAFL1AA384922
734,Saab,9-3,2011,true,WBAUC9C57BV246423
735,Lexus,LX,2007,true,NM0KS9AN4AT008438
736,Audi,A8,2006,true,1GYS4DEF4DR901711
737,GMC,Jimmy,1995,true,WAUMF78P16A650837
738,GMC,Suburban 1500,1995,false,WA1VGAFP3EA691984
739,Toyota,T100,1995,false,1LNHL9FT6FG640547
740,Suzuki,XL7,2007,false,2G61V5S85E9167234
741,Smart,Fortwo,2012,true,JTHKD5BH7F2123108
742,GMC,Rally Wagon 3500,1992,true,1D7RW2GK5AS643061
743,Mazda,Tribute,2010,true,WBA3A5C55FF690166
744,Mazda,MPV,1993,false,JTDKN3DU9B0100366
745,BMW,545,2005,true,19VDE1F57FE271108
746,GMC,Sierra 2500,2001,true,WAUMF78P76A402883
747,Ford,Fusion,2013,false,2G61R5S34F9963791
748,Plymouth,Breeze,1997,true,WAUJC68E95A805735
749,Cadillac,DeVille,1998,true,WDDEJ7KB6CA749657
750,Cadillac,Eldorado,1992,true,1N6BF0KM4FN800199
751,Nissan,280ZX,1979,true,2G4GR5EK8C9014794
752,Cadillac,Escalade ESV,2012,true,1N4AL3AP4DC941471
753,Ford,Freestyle,2005,true,WBA3B5C57DF167984
754,GMC,Yukon,2007,true,5N1AR1NB7BC816355
755,Ford,E250,2006,false,1C4RDJAG7CC001145
756,Mitsubishi,L300,1987,true,WA1EY94L39D035736
757,Buick,Skyhawk,1989,false,2C3CCABG5DH266382
758,Honda,Prelude,1995,true,WBSBL93423J938897
759,Buick,Electra,1990,true,1C3CDFAA8DD457105
760,Saab,9-3,2010,true,WAUDT48H06K540369
761,Honda,Accord,2006,false,SCFBF04B88G995683
762,Jaguar,S-Type,2006,true,WBSCL93401L194481
763,GMC,1500 Club Coupe,1998,false,WBA5B1C51FG919712
764,Toyota,Celica,1978,true,JM1NC2PF7E0003150
765,Chevrolet,G-Series G10,1992,true,YV140MAK7F1306473
766,Honda,Element,2006,false,1G6ET12991B342909
767,Land Rover,Range Rover,2011,true,1FADP5BU9DL188909
768,Ford,Expedition,2007,true,3N1CN7AP0EK246987
769,BMW,600,1957,true,SCBGU3ZA4EC828075
770,Chevrolet,Corvette,2009,false,WBAVS13568F815788
771,Mercedes-Benz,CLK-Class,2001,false,5N1AL0MM4FC457552
772,Kia,Rio,2011,true,JN1AZ4EHXEM032828
773,Chevrolet,Equinox,2005,true,1G4HE57Y37U886343
774,Infiniti,FX,2011,false,1FTMF1EW2AF298419
775,Pontiac,Firebird,1990,true,4F2CY0C76AK685903
776,Lotus,Esprit,2000,true,KNDKG3A20A7966282
777,Chrysler,Concorde,1995,false,3N1CE2CP4FL042186
778,Land Rover,LR4,2012,false,JN8AF5MR5CT457788
779,Toyota,Land Cruiser,2000,false,WA1AY74L59D159218
780,Mitsubishi,Expo,1992,true,JH4DC538X3C757450
781,Dodge,Ram 1500,2007,true,SCFEFBAC6AG391819
782,Nissan,Pathfinder,2001,true,WAUAFAFH7BN342327
783,Honda,Accord,1986,true,JH4NA12661T663582
784,Suzuki,Kizashi,2011,true,SAJWA0JH0EM174910
785,Chevrolet,Impala,2010,false,WAULC58EX5A930584
786,Lincoln,Navigator,2004,true,WBAAV53471J231326
787,Buick,LeSabre,2004,false,1FTSW3B54AE361136
788,Honda,Civic,2011,false,1FTEX1E82AF180809
789,Nissan,Quest,1996,false,WBABS33402J614799
790,Mazda,MX-6,1996,false,WBSBL93401J586853
791,Chrysler,Crossfire,2007,false,WAUEKBFB7AN822865
792,Oldsmobile,98,1992,false,WAUKG98E96A577294
793,Mercedes-Benz,CLK-Class,2005,false,5LMJJ2JT6FE644225
794,Honda,Insight,2005,true,1G6DA8E50C0103542
795,Jaguar,XK Series,2000,false,WAUBVAFA9AN206905
796,Alfa Romeo,Spider,1994,false,WVGEP9BP0FD628654
797,Land Rover,Range Rover Sport,2009,false,5N1AA0NC9CN239764
798,Kia,Sorento,2012,false,1FTSX2B57AE608317
799,Mercury,Sable,1990,true,JH4DC53824S080983
800,Chevrolet,2500,1992,false,WAUPEAFM4DA980846
801,Acura,RL,2003,false,WBAPN73559A857791
802,BMW,X5,2000,false,WAUAF78E45A525685
803,Volvo,V70,2005,true,19XFB4F24DE529579
804,Buick,Park Avenue,1992,true,JM1CW2BLXE0684142
805,Pontiac,Trans Sport,1997,false,3D4PH1FGXBT886757
806,Infiniti,IPL G,2012,true,1C3BC2FBXBN829043
807,Chevrolet,Express 3500,2009,false,5FRYD4H48EB186402
808,Chevrolet,TrailBlazer,2003,true,WBSDE934X2B323218
809,Kia,Sorento,2007,false,WAURVAFD5CN367926
810,Cadillac,CTS-V,2009,false,2C3CA2CV0AH141052
811,Dodge,Ram 3500,2001,true,1G4HH5E95AU283856
812,Oldsmobile,Silhouette,1998,false,JN8AF5MR1CT800595
813,BMW,760,2005,false,ZFBCFAAH2EZ335353
814,Chevrolet,Suburban 2500,2005,true,4T1BF1FK4FU139065
815,Nissan,Pathfinder,1995,false,WBAYE8C54ED091474
816,Honda,Pilot,2006,false,WDDGF4HB0DR839275
817,Jaguar,X-Type,2007,false,WA1DGAFP1EA170676
818,Infiniti,G,1992,true,WUARL48H65K290582
819,Mercedes-Benz,GL-Class,2007,false,1G6YX36D385305472
820,Buick,LeSabre,1992,true,WA1DMAFP6FA844900
821,BMW,Z3,1997,false,19VDE3F78EE778921
822,Buick,Somerset,1987,true,JN1CV6AP8AM765158
823,Volvo,960,1996,false,WDDLJ7DB6CA566554
824,Daewoo,Leganza,1999,false,WAUGU54D41N008374
825,Suzuki,SX4,2011,false,WP0CA2A82BS379729
826,Dodge,Charger,2006,false,1FAHP3GN7AW964200
827,Porsche,944,1990,false,3LN6L2LU5DR140106
828,Nissan,Cube,2009,true,19UUA65696A257161
829,Bentley,Continental Flying Spur,2012,false,2C3CCAAG1FH050937
830,BMW,M5,1992,false,JTDKN3DP0F3881339
831,Toyota,Highlander,2005,true,3TMJU4GN6BM847610
832,Toyota,Camry,2002,true,JH4KA96503C084058
833,Toyota,Highlander,2002,true,19UYA42571A390348
834,Lexus,LX,2005,true,SCBBP9ZA1BC521060
835,Ford,Mustang,1994,false,JTJHY7AX0F4626114
836,Lexus,RX,2007,false,SCBCR73W78C099750
837,Oldsmobile,Bravada,2001,false,1C4NJCBA0FD956848
838,Acura,Integra,2001,false,1G6KD57Y09U926977
839,Nissan,370Z,2009,true,WDCYC3HF8CX266487
840,Jaguar,X-Type,2005,true,SCFHDDAJXBA354340
841,Daewoo,Lanos,2002,true,3C3CFFER0ET697092
842,Ford,Th!nk,2001,true,WBAVB13546P587426
843,Maybach,62,2011,false,TRUTC28N611879439
844,Mitsubishi,Chariot,1990,true,1G4PN5SK1C4085404
845,BMW,525,2004,false,WAUAFAFLXEA057489
846,Pontiac,Grand Am,2005,true,1N4AL2AP8BC860514
847,Ford,F-Series,1989,true,KMHGC4DD9EU576787
848,Pontiac,Grand Prix,1998,false,WUAAU34279N210331
849,Maserati,Spyder,2005,true,2T1BURHE1FC680815
850,Infiniti,QX,2004,true,1N6AD0CU8BC172881
851,Porsche,Panamera,2012,false,JTHBF1D25F5445031
852,Chrysler,PT Cruiser,2010,false,WA1EY94L98D363080
853,Plymouth,Grand Voyager,1995,false,KNADM4A35C6240746
854,Cadillac,XLR,2005,false,SAJWA2EKXEM333398
855,Lexus,LS,1997,true,W04GN5EC6B1987193
856,Lamborghini,Countach,1987,false,3GYFNCEY8BS411289
857,Kia,Carens,2009,false,WAUAFAFH2DN919526
858,Chevrolet,Express 2500,2005,false,1N6AA0CAXDN936221
859,Toyota,Camry,2001,true,JM1GJ1T50F1755659
860,Land Rover,Defender 110,1993,false,3D7TT2HT1AG399017
861,Mitsubishi,Lancer Evolution,2010,false,WBANV93579C117795
862,Mercedes-Benz,CLS-Class,2011,false,WBXPC93418W775363
863,Audi,A6,1995,true,KNAFU5A29B5355151
864,Dodge,Colt,1992,true,3VW117AU8FM409720
865,BMW,X6,2010,true,1G6AB5R38F0283932
866,Ford,Thunderbird,1972,false,JH4DC54892C286114
867,Nissan,Maxima,2008,true,JTHBE1BL1E5688235
868,Chevrolet,Express 1500,2010,true,2HNYD18746H315316
869,Suzuki,Swift,1990,true,ZHWGU6AU3CL102488
870,Lincoln,Navigator L,2011,false,WAUBFAFL0DA420854
871,Pontiac,Aztek,2002,true,WAUMV94E29N958812
872,Oldsmobile,88,1997,false,1G6DV57V090647225
873,Ford,F-Series,2009,false,5J6TF2H50EL769282
874,Oldsmobile,98,1996,false,WP0CA2A81DS448798
875,Mitsubishi,Tredia,1985,false,SCBZK25E41C925725
876,Hyundai,Genesis,2011,false,1N6AA0CJ4FN890775
877,Nissan,Quest,2005,false,WAUKH94F36N213585
878,Pontiac,Bonneville,1991,false,WAUCF78K79N774916
879,Land Rover,Discovery,2001,true,YV1672MK5D2295601
880,Volkswagen,Jetta,2003,false,1FTSW3B53AE495247
881,Ford,Bronco II,1988,false,1N6AF0LX3EN613295
882,Pontiac,6000,1991,true,WAUHF78P29A272064
883,Ford,Transit Connect,2013,true,WAUKF98EX7A379862
884,Chrysler,PT Cruiser,2002,true,2HNYD28877H104319
885,Toyota,4Runner,2009,false,2C3CCARG0DH775088
886,Mitsubishi,Lancer Evolution,2005,true,WA1AY94L87D451003
887,Toyota,RAV4,2008,false,1VWAS7A30FC477774
888,Ford,Ranger,1992,true,1YVHZ8AH3A5285741
889,Toyota,Camry,2002,true,WA1LYAFE9AD095435
890,Buick,Riviera,1990,true,5TDBM5G14CS808183
891,Porsche,Cayman,2007,false,3VW517AT9FM940689
892,Maserati,Spyder,1990,false,1J4NF1GB6AD259047
893,Plymouth,Sundance,1994,true,WBA6A0C58FG643434
894,Ford,F-250 Super Duty,2006,true,1N6AF0LY0FN649553
895,Chrysler,300M,1999,false,JH4CU4F67DC973996
896,Chevrolet,Monte Carlo,1996,true,WAUDFAFC9DN500378
897,Subaru,Justy,1987,false,3D7TT2HT0BG512862
898,Cadillac,XLR,2007,false,WBAKN9C59FD127169
899,Mercury,Milan,2011,false,WAUFFAFL8CA180498
900,Dodge,D250,1992,false,5TDBK3EH5DS043707
901,Cadillac,DeVille,2004,true,WAUDH78E47A137141
902,Pontiac,Montana,2003,false,2FMGK5B87DB981661
903,GMC,Vandura 3500,1992,true,WAUKD98P46A958142
904,Ford,E-Series,2007,true,JN1CV6AP2BM633207
905,Mitsubishi,Outlander,2003,false,KM8JT3AF7FU554469
906,Buick,Lucerne,2007,false,1GKKRNED7FJ899230
907,Mercury,Topaz,1985,true,WAUDH78EX8A577821
908,Volkswagen,Jetta,2003,true,5N1AA0NC9BN847007
909,Dodge,Ram 2500,2000,false,WAUSH78E58A951811
910,Chrysler,Town & Country,1995,false,2T1BURHE4FC361022
911,Dodge,Ram Wagon B350,1994,true,WBAEK73484B302067
912,Mercedes-Benz,W201,1990,false,WBAYG6C57FD212269
913,Kia,Rio,2013,false,WAUXF98K09A202364
914,Buick,Skyhawk,1987,false,SCBDP3ZA6BC606370
915,Pontiac,Firebird,1987,true,1G4GA5GRXFF778160
916,Chevrolet,Impala,2006,true,1FTWW3DY3AE644510
917,BMW,X6 M,2010,true,KMHGH4JH4EU818684
918,Buick,Lucerne,2006,true,2C4RVAAG4CR324248
919,Lincoln,Navigator,1998,false,1FTEW1C88AK972413
920,Ford,Expedition EL,2010,false,5XYKT3A15CG074716
921,Dodge,Durango,1998,true,5N1AN0NW2DN311033
922,Acura,Integra,2001,false,WAUWKAFR8AA857711
923,Mercedes-Benz,CL-Class,2002,true,WDDEJ7KB4BA394518
924,Maybach,62,2004,true,1G4HP52K054576757
925,Oldsmobile,Alero,2000,false,3C4PDCDG8DT508429
926,Chevrolet,Malibu,2012,false,1G6AB5RX4F0961479
927,Volvo,V70,2004,true,3C63D3HL3CG008005
928,Toyota,Tacoma,2003,true,1GKS1GEJ9CR230608
929,Toyota,Celica,1997,true,WAUML54B03N646905
930,Nissan,Murano,2003,true,YV126MEC3F1070686
931,Mitsubishi,Galant,2000,false,3N1BC1APXBL685652
932,Ford,Expedition,2002,false,1FTKR1AD9BP440375
933,Toyota,Land Cruiser,2007,false,1G6DS8EV1A0692224
934,Cadillac,Escalade ESV,2012,true,5UXZW0C52CL242531
935,Mercury,Grand Marquis,2000,true,WAUAFAFLXCA365503
936,Ford,LTD,1985,false,1D7RV1GP4BS874740
937,Chevrolet,Silverado 2500,2002,false,1G6DJ8E33D0536160
938,Maserati,GranTurismo,2012,false,WA1VYAFE5AD783456
939,Nissan,300ZX,1996,true,WBANV93518C586623
940,Mitsubishi,Endeavor,2005,false,WBAEV334X5K522487
941,Jeep,Grand Cherokee,1997,false,WAUFEAFM3CA921913
942,Ford,Aspire,1996,true,1FTEW1CM2EF968904
943,BMW,5 Series,1999,true,WA1AV94L29D699582
944,Volkswagen,Jetta,1984,false,4A31K2DF0BE303386
945,Hummer,H2 SUT,2006,false,5UXZW0C50D0734459
946,Mazda,Miata MX-5,2006,false,1G4GF5E31DF293760
947,Saturn,S-Series,1993,false,WA1LMBFE4AD882889
948,GMC,Sonoma Club Coupe,1997,true,WVGAV7AX6FW219864
949,Mazda,Mazda6,2012,false,JTHFE2C21A2141071
950,Mitsubishi,Montero,2005,false,WBA3B5G58DN453312
951,Chevrolet,Silverado 3500,2003,true,JA4AS2AW6AZ158508
952,Chevrolet,Suburban 2500,2008,false,1G6AC5SX7F0323363
953,Porsche,924,1988,false,1C3CCBBB7EN503957
954,Pontiac,Grand Prix,2005,true,5UMCN93462L689637
955,Chevrolet,G-Series G10,1994,false,JN1AZ4EH9CM044367
956,Mercedes-Benz,300CE,1993,false,WBAKF3C50CJ632928
957,Nissan,Murano,2011,false,1N6AD0CU5AC089195
958,Suzuki,Forenza,2006,false,1D7RB1CP0AS008871
959,Dodge,Ram 1500 Club,2001,true,WBSWL93599P991466
960,Hyundai,Accent,2013,true,SCBFH7ZAXFC163224
961,Pontiac,Aztek,2005,false,JN8CS1MUXDM188684
962,GMC,Rally Wagon 1500,1992,false,3FAHP0DC6BR141733
963,Chevrolet,Impala,1996,true,WA1VGBFP5EA497950
964,Ford,F350,1995,false,5J8TB3H32DL025933
965,Toyota,4Runner,1997,true,WBALL5C58CJ535453
966,Ferrari,458 Italia,2012,false,1C3CC5FB9AN079557
967,Ford,E-Series,2012,false,3G5DB03E84S082164
968,Dodge,Dakota,2003,false,1C4NJPBA9CD514315
969,Maserati,Biturbo,1985,true,5FNRL5H2XCB584303
970,Dodge,Colt,1989,false,1N6AD0CU1CN806330
971,Jaguar,S-Type,2004,true,1G6KD57Y12U582629
972,Chevrolet,Corvette,1968,true,5GAKRBED0CJ127403
973,Chevrolet,Lumina,2000,false,SCBLC37F15C524735
974,Mercedes-Benz,SL-Class,1988,false,KNAFU6A2XB5112437
975,Hyundai,Sonata,1999,true,KMHTC6AD6FU948764
976,Hummer,H3,2010,true,KNDMG4C32A6748693
977,Cadillac,Escalade,2010,true,SCFEDCAD4CG467030
978,Cadillac,Escalade ESV,2012,true,WBAVM1C54EV865701
979,BMW,Z4,2008,false,1C3CDZBG2EN129016
980,BMW,Z4,2011,false,2HNYD28698H823829
981,Toyota,FJ Cruiser,2007,false,WAUEG74F06N550896
982,Mazda,626,1992,false,JHMZF1D47ES037954
983,Maserati,Biturbo,1985,true,1GYEK63N85R270231
984,Lamborghini,Diablo,1991,true,1FTEW1C86AK853713
985,Daewoo,Lanos,2001,false,3C3CFFDR5FT334936
986,Mercedes-Benz,CLK-Class,2000,true,WAUAT48H53K045826
987,Volkswagen,New Beetle,1999,false,1D4PT7GX4AW400632
988,Cadillac,STS,2005,true,WAUEH78E08A798543
989,Mitsubishi,Endeavor,2004,true,5XYKT3A19BG682835
990,Ford,E250,2007,true,1FTNS2EW1AD445816
991,Chevrolet,Silverado 3500,2002,false,3GYFNEE3XCS193471
992,BMW,600,1959,true,WBAWV13549P824173
993,Acura,Integra,2001,false,SCFEDCAD5BG207587
994,Volkswagen,Fox,1990,false,3VW8S7AT3FM806772
995,Chevrolet,Astro,1997,false,WAUDF98EX8A007366
996,Nissan,Frontier,2011,false,1G6AM1R38F0101066
997,Mitsubishi,Lancer,2012,false,2G4WS55J251017361
998,Jeep,Wrangler,1994,true,WBAEV53413K707679
999,Toyota,Sienna,2010,false,5UXFG2C51DL092246
1000,Volkswagen,GTI,1990,false,WAUXL68E05A311547
